{
  "model_name": "vit_b_16",
  "checkpoint": "outputs\\models\\image\\vit_b_16.pt",
  "pool_patients": 94,
  "pool_pos": 77,
  "pool_neg": 17,
  "rounds": 20,
  "sample_size": 40,
  "fan_top_strip": 0.12,
  "mean_delta_auc": 0.048484848484848485,
  "std_delta_auc": 0.023336505579123038,
  "mean_delta_acc": 0.06750000000000002,
  "std_delta_acc": 0.03072051431861126,
  "mean_delta_f1": 0.053854790587903635,
  "std_delta_f1": 0.025454355471557014,
  "mean_delta_brier": -0.012154560007448701,
  "std_delta_brier": 0.0037481133854783432,
  "cache_file": "F:\\00_Test\\liver_test\\temp\\fan_geom_stability_out\\patient_prob_cache.csv",
  "elapsed_sec": 405.07
}