组别,csv行索引,target_stroke,p_原始,p_仅年龄+15,p_仅BMI+5
阳性,3358,1,0.865717351436615,0.8657175898551941,0.8657276034355164
阳性,3042,1,0.8637882471084595,0.8637882471084595,0.8567088842391968
阳性,3110,1,0.8558071255683899,0.8528347611427307,0.8529292941093445
阴性,1163,0,0.03337949886918068,0.0350307822227478,0.03354736790060997
阴性,149,0,0.03341962397098541,0.035016339272260666,0.033376794308423996
阴性,2033,0,0.032992854714393616,0.032994359731674194,0.03301020711660385
