seed,xgb_val_auc
42,0.8589620282383719
49,0.8242219058977418
55,0.8222598391874735
