SEQN,risk_group,age,systolic_bp,diastolic_bp,bmi,has_angina,ldl_c,serum_creatinine,lymphocyte_percent,smoking,has_myocardial_infarction,total_cholesterol,rdw,drinking_frequency,urea_nitrogen,has_coronary_heart_disease,has_hypertension,sedentary_time_daily,moderate_high_intensity_exercise,triglyceride,hba1c,fasting_blood_glucose,hemoglobin,chlorine,hematocrit,hdl_c,serum_iron,gender,map,rbc
81057,高风险组,52,162,23,22.6,2,2.638,67.18,36.9,1,2,4.526,13.4,2,3.93,2,2,480,2,2.856,5.4,5.61,14.1,106,43.3,1.99,18.6,2,94,4.31
76704,高风险组,50,134,24,29,2,2.638,68.07,33.8,1,2,5.819,13.1,2,3.21,2,2,480,2,3.522,5.7,5.61,13.9,103,40.3,1.11,16.8,2,82.66666666666667,4.34
83821,高风险组,80,154,17,29.1,2,2.638,160.89,26.8,3,1,4.629,14.8,2,7.85,2,1,420,2,3.613,6.2,5.61,12.4,108,37.4,0.91,5.7,1,102.66666666666669,4.49
94752,中风险组,73,124,15,25.9,2,1.681,65.42,29.7,3,2,3.336,13.7,2,10.35,2,1,180,2,0.7,5.6,5.61,14.7,105,43.5,1.45,16.1,1,88,4.9
98044,低风险组,12,152,19,16.1,2,2.715,73.37,20.8,3,2,4.526,15.5,2,4.64,2,2,300,2,1.174,5.5,4.77,12.9,102,38.5,1.32,15.6,1,84.66666666666667,5.15
93811,低风险组,24,201,21,29.5,2,2.87,74.26,24.6,2,2,4.526,12.8,2,3.93,2,2,300,1,1.298,5.3,5.66,15,101,43.2,1.11,21.9,1,86,4.91
102929,低风险组,60,159,26,34.8,2,2.715,69.84,32,3,2,4.913,12.6,3,5,2,1,180,2,1.163,5.9,5.94,14.6,100,43,1.78,17.9,1,96.66666666666669,4.61
