{
  "Age": 51.0,
  "Gender": 1.0,
  "BMI": 39.916764125880974,
  "Smoking": 0.0,
  "AlcoholConsumption": 1.578919022031171,
  "PhysicalActivity": 8.301264419669659,
  "DietQuality": 8.941093370790366,
  "SleepQuality": 7.508150416102007,
  "FamilyHistoryDiabetes": 0.0,
  "GestationalDiabetes": 0.0,
  "PolycysticOvarySyndrome": 0.0,
  "PreviousPreDiabetes": 0.0,
  "Hypertension": 0.0,
  "SystolicBP": 165.0,
  "DiastolicBP": 99.0,
  "FastingBloodSugar": 10.453156829710897,
  "HbA1c": 7.326870499343778,
  "SerumCreatinine": 368.82042444594885,
  "BUNLevels": 11.477368130903502,
  "CholesterolTotal": 4.017554467899917,
  "CholesterolLDL": 2.8460332317048076,
  "CholesterolHDL": 1.03181048727596,
  "CholesterolTriglycerides": 0.9164781360470767,
  "AntihypertensiveMedications": 0.0,
  "AntidiabeticMedications": 0.0,
  "FrequentUrination": 0.0,
  "ExcessiveThirst": 0.0,
  "UnexplainedWeightLoss": 0.0,
  "FatigueLevels": 0.1232139897112838,
  "BlurredVision": 0.0,
  "SlowHealingSores": 0.0,
  "QualityOfLifeScore": 91.4457528301502,
  "HealthLiteracy": 5.024612227805186
}