{
  "Age": 89.0,
  "Gender": 1.0,
  "BMI": 19.78225130010097,
  "Smoking": 0.0,
  "AlcoholConsumption": 1.1773011585548998,
  "PhysicalActivity": 6.103395048386896,
  "DietQuality": 7.722543086655254,
  "SleepQuality": 7.708387493140089,
  "FamilyHistoryDiabetes": 1.0,
  "GestationalDiabetes": 0.0,
  "PolycysticOvarySyndrome": 0.0,
  "PreviousPreDiabetes": 0.0,
  "Hypertension": 0.0,
  "SystolicBP": 119.0,
  "DiastolicBP": 91.0,
  "FastingBloodSugar": 7.0874811733760055,
  "HbA1c": 4.083425702071104,
  "SerumCreatinine": 174.42806687719977,
  "BUNLevels": 3.5765599710076628,
  "CholesterolTotal": 5.989369601467333,
  "CholesterolLDL": 1.6042356569225003,
  "CholesterolHDL": 1.61574000337205,
  "CholesterolTriglycerides": 3.1591856098666953,
  "AntihypertensiveMedications": 1.0,
  "AntidiabeticMedications": 0.0,
  "FrequentUrination": 0.0,
  "ExcessiveThirst": 0.0,
  "UnexplainedWeightLoss": 0.0,
  "FatigueLevels": 9.643320371692225,
  "BlurredVision": 0.0,
  "SlowHealingSores": 0.0,
  "QualityOfLifeScore": 54.48574422190213,
  "HealthLiteracy": 7.0349436990025485
}