{
  "Age": 44.0,
  "Gender": 0.0,
  "BMI": 32.98528363147953,
  "Smoking": 1.0,
  "AlcoholConsumption": 4.499364662559289,
  "PhysicalActivity": 2.443385277880059,
  "DietQuality": 4.898831055237948,
  "SleepQuality": 4.049885278422252,
  "FamilyHistoryDiabetes": 1.0,
  "GestationalDiabetes": 1.0,
  "PolycysticOvarySyndrome": 0.0,
  "PreviousPreDiabetes": 0.0,
  "Hypertension": 0.0,
  "SystolicBP": 93.0,
  "DiastolicBP": 73.0,
  "FastingBloodSugar": 9.084545745810422,
  "HbA1c": 9.28363131656192,
  "SerumCreatinine": 235.63963034711298,
  "BUNLevels": 10.0638824741501,
  "CholesterolTotal": 6.575398769472906,
  "CholesterolLDL": 2.2496412407374375,
  "CholesterolHDL": 1.8309146385679962,
  "CholesterolTriglycerides": 2.148987621782661,
  "AntihypertensiveMedications": 0.0,
  "AntidiabeticMedications": 1.0,
  "FrequentUrination": 0.0,
  "ExcessiveThirst": 0.0,
  "UnexplainedWeightLoss": 0.0,
  "FatigueLevels": 9.534168794136852,
  "BlurredVision": 0.0,
  "SlowHealingSores": 0.0,
  "QualityOfLifeScore": 73.7651091568668,
  "HealthLiteracy": 7.2113489367727475
}